Workbook
Name biomass: Menus!$C$22:$C$24
Name cover: Menus!$C$19:$C$21
Name leak: Menus!$C$28:$C$30
Name logis: Menus!$C$48:$C$50
Name ner: Menus!$C$103:$C$105
Name opportunity: Menus!#REF!
Name opportunity: Menus!#REF!
Name size: Menus!$C$11:$C$13
Name soil: Menus!$C$25:$C$27
Name tenure: Menus!$B$34:$B$37
Name threat: Menus!$C$16:$C$18
Name topo: Menus!$C$2:$C$4
Name water: Menus!$C$55:$C$58
Name y_n: Menus!$C$38:$C$39

Sheet Menus
D1: Rating | E1: Weight
A2: Geospatial | B2: Topography | C2: Flat % | E2: 10
C3: Hilly % | E3: 5
C4: Mountainous % | E4: 1
B5: Location relative to protected areas ? | C5: Border | D5: y | E5: 8
D6: n | E6: 5
B8: JNR Boundaries | C8: Within political boundary | D8: y | E8: 8
D9: n | E9: 5
B11: Size (ha) | C11: > 150 000 | E11: 10
C12: 100 000 - 150 000 | E12: 5
C13: < 100 000 | E13: 2
B14: Landsat Tiles | C14: Adjacent: NO | E14: 2
C15: Above - Below: YES | E15: 4
A16: Forest metrics | B16: Deforestation threat | C16: High >25% perimeter | E16: 10
C17: Medium 10-25% | E17: 5
C18: Low <10% | E18: 2
B19: Forest cover | C19: High > 90% | E19: 10
C20: Medium 60-90% | E20: 7
C21: Low < 60% | E21: 2
B22: Biomass Carbon density | C22: High >150tCO2e/ha | E22: 10
C23: Medium100-150tCO2e/ha | E23: 7
C24: Low <100tCO2e/ha | E24: 3
B25: Soil Carbon | C25: High >150tCO2e/ha | E25: 10
C26: Medium100-150tCO2e/ha | E26: 7
C27: Low <100tCO2e/ha | E27: 3
A28: Leakage Risk | B28: Activity | C28: High | E28: 1
C29: Medium | E29: 5
C30: Low | E30: 10
B31: Market | C31: High | E31: 1
C32: Medium | E32: 5
C33: Low | E33: 10
A34: Tenure/Rights Holders | B34: Single Entity | E34: 8
B35: Multiple Entities | E35: 5
B36: Unclear | E36: 1
B37: Private title | E37: 6
B38: Title deed sound (if applicable) | C38: Y | E38: 10
C39: N | E39: 0
B40: Landowner/Rights Holder Invitation | C40: Y | E40: 10
C41: N | E41: 3
B42: Host country consent | C42: Y | E42: 5
C43: N | E43: 0
B44: Communal land | C44: Y | E44: 8
C45: N | E45: 2
B46: Government land | C46: Y | E46: 5
C47: N | E47: 2
A48: Logistics | B48: Road network | C48: Good | E48: 9
C49: Fair | E49: 6
C50: Poor | E50: 2
B51: Airstrip | C51: Y | E51: 5
C52: N | E52: 2
B53: Accommodation and other infrastructure | C53: Y | E53: 8
C54: N | E54: 2
B55: Water | C55: Borehole | E55: 5
C56: Standing | E56: 2
C57: Perennial river | E57: 8
C58: All of above | E58: 9
B59: Electricity | E59: 8
B60: Implementing partners? | C60: Y | E60: 10
C61: N | E61: 5
B62: Boundary disputes | C62: Y | E62: 2
C63: N | E63: 10
A64: Additionality | B64: Credible alternative land use | C64: Y | E64: 5
C65: N | E65: 0
B66: Investment Analysis - project is profiteable | C66: Y | E66: 2
C67: N | E67: 5
B68: Barrier Analysis - credible implementation barriers | C68: Y | E68: 5
C69: N | E69: 0
B70: Baseline barriers | C70: Y | E70: 0
C71: N | E71: 5
B72: Common practice analysis | C72: Y | E72: 2
C73: N | E73: 5
A74: Non-permanence risk | B74: Boundary disputes | C74: Y | E74: 2
C75: N | E75: 10
B76: Natural risks | C76: Y | E76: 2
C77: N | E77: 5
B78: In country political risks | C78: Y | E78: 2
C79: N | E79: 5
B80: Opportunity costs | C80: High | E80: 0
C81: Medium | E81: 2
C82: Low | E82: 10
A83: Social benefits | B83: Benefits to poorest of poor? | C83: Y | E83: 10
C84: N | E84: 2
B85: Community land - direct benefits to rights holders? | C85: Y | E85: 10
C86: N | E86: 5
B87: Track record of successful socio-economic ventures? | C87: Y | E87: 10
C88: N | E88: 5
B89: Deforestation mitigation | C89: Eco-charcoal | D89: Y | E89: 5
D90: N | E90: 2
C91: Conservation agriculture | D91: Y | E91: 5
D92: N | E92: 2
C93: Commercial agriculture | D93: Y | E93: 2
D94: N | E94: 5
A95: Biodiversity Value | B95: CITES rated species present | C95: Critical | D95: Y | E95: 8
D96: N | E96: 5
C97: Vulnerable | D97: Y | E97: 8
D98: N | E98: 5
B99: Significant ecosystem | D99: Y | E99: 8
D100: N | E100: 2
B101: Cultural significance of landscape | D101: Y | E101: 8
D102: N | E102: 2
...

Sheet How to
A8: Site
A9: Category | B9: Sub-category | D9: Rating* | E9: Score
A10: This section is completed using GIS, the more accurate and up to date datasets are available, the more inform the decision making will be. Getting data on boundaries of protected areas and even political boundaries can be problematic. Generally only flat lands get deforested and converted to agriculture. Beyond a 20° slope there is seldom deforestation, only degradation from charcoal. Deforestation on steep slopes only happens in places where there are deep soils on hills. A potential project area that is very hilly will most likely not be viable as it will be difficult to substantiate deforestation.
A11: Geospatial | B11: Topography | C11: Flat % | E11: =D11/100*Menus!E2 -> 0
C12: Hilly % | E12: =D12/100*Menus!E3 -> 0
C13: Mountainous % | E13: =D13/100*Menus!E4 -> 0
B14: Location relative to protected areas | C14: Border | E14: =IF(D14="Y",Menus!E5,Menus!E6) -> 5
B15: JNR Boundaries | C15: Within political boundary | E15: =IF(D15="Y",Menus!E8,Menus!E9) -> 5
B16: Size (ha) | E16: =IF(D16=Menus!C11,Menus!E11,IF(D16=Menus!C12,Menus!E12,Menus!E13)) -> 2
B17: Landsat Tiles | C17: Below | E17: =IF(D17="Y",Menus!E15,Menus!E14) -> 2
A18: Use data from in-country and global datasets, preferably from similar ecosystems. Deforestation threat and forest cover is assessed using remote sensing. Soil data from peer reviewed publications should be used with extreme caution as it is highly variable. It is important to remember that the deforested state does not have zero carbon, there is always a residual.
A19: Forest metrics | B19: Deforestation threat | E19: =IF(D19=Menus!C16,Menus!E16,IF('How to'!D19=Menus!C12,Menus!E12,Menus!E13)) -> 2
B20: Forest cover | E20: =IF(D20=Menus!C19,Menus!E19,IF(D20=Menus!C20,Menus!E20,Menus!E21)) -> 2
B21: Biomass Carbon density | E21: =IF(D21=Menus!C22,Menus!E22,IF('How to'!D21=Menus!C23,Menus!E23,Menus!E24)) -> 3
B22: Soil Carbon | E22: =IF(D22=Menus!C25,Menus!E25,IF('How to'!D22=Menus!C26,Menus!E26,Menus!E27)) -> 3
A23: Leakage is the shift of deforestation that was bound to happen in the project area to another area. This is plausible if mitigation projects are not implemented. Activity shifting leakage is when activities such as subsistence agriculture move. Market effects leakage is when deforestation/degradation due to commodities shifts to another region e.g. charcoal or timber.
A24: Leakage Risk | B24: Activity shifting | E24: =IF(D24=Menus!C28,Menus!E28, IF('How to'!D24=Menus!C29,Menus!E29,Menus!E30)) -> 10
B25: Market effects | E25: =IF(D25=Menus!C31,Menus!E31,IF(D25=Menus!C32,Menus!E32,Menus!E33)) -> 10
A26: This is one of the most important sections as tenure is sensitive and uncertain or contested tenure is a high risk. VCS and other standards are very strict on all components of tenure and demand transparency on tenure and robust contracts. Contested titles and boundaries could potentially fail a project, it thus has to be clarified from an early stage.
A27: Tenure/Rights Holders | B27: Single Entity | E27: =IF(D27="Y",Menus!E34,0) -> 0
B28: Multiple Entities | E28: =IF(D28="Y",Menus!E35,0) -> 0
B29: Unclear | E29: =IF(D29="Y",Menus!E36,0) -> 0
B30: Private title | E30: =IF(D30="Y",Menus!E37,0) -> 0
B31: Title deed sound (if applicable) | E31: =IF(D31="Y",Menus!E38,0) -> 0
B32: Landowner/Rights Holder Invitation | E32: =IF(D32="Y",Menus!E40,Menus!E41) -> 3
B33: Host country consent | E33: =IF(D33="Y",Menus!E42,0) -> 0
B34: Communal land | E34: =IF(D34="Y",Menus!E44,Menus!E45) -> 2
B35: Government land | E35: =IF('How to'!D35="Y",Menus!E46,Menus!E47) -> 2
A36: Use GIS and supplement as far as possible with feedback from locals. A lack of logistics can make a project non-viable.
A37: Logistics | B37: Road network | E37: =IF(D37=Menus!C48,Menus!E48,IF(D37=Menus!C49,Menus!E49,Menus!E50)) -> 2
B38: Airstrip | E38: =IF(D38="Y",Menus!E51,2) -> 2
B39: Accommodation and other infrastructure | E39: =IF(D39="Y",Menus!E53,Menus!E54) -> 2
B40: Water | E40: =IF(D40=Menus!C55,Menus!E55,IF(D40=Menus!C56,2,IF(D40=Menus!C57,Menus!E57,Menus!E58))) -> 9
B41: Electricity | E41: =IF(D41="Y",Menus!E59,0) -> 0
B42: Implementing partners? | E42: =IF(D42="Y",Menus!E60,Menus!E61) -> 5
A43: If the project does not satisfy additionality it fails under the VCS. The World Bank FCPF is proposing to do away with additionality for jurisdictional programmes if the jurisdiction has a credible baseline that ultimately will then qualify all projects as additional. The first question that needs to be asked to determine additionality is "what is the baseline?" That is, what is happening now? Deforestation through agriculture etc.? The project that will prevent this, is it simply "business as usual"?. Is the new project profitable? If yes, how profitable compared to other credible land uses? Are there other credible land uses other than the baseline or the project? If not, it is not additional. Are their barriers preventing project implementation or the baseline continuing? Use VCS Tool VT0001.
A44: Additionality | B44: Credible alternative land use | E44: =IF(D44="Y",Menus!E64,Menus!E65) -> 0
B45: Investment Analysis | C45: Project is profitable | E45: =IF(D45="Y",Menus!E66,Menus!E67) -> 5
B46: Barrier Analysis | C46: Credible barriers for implementation | E46: =IF(D46="Y",Menus!E68,Menus!E69) -> 0
C47: Baseline barriers | E47: =IF(D47="Y",Menus!E70,Menus!E71) -> 5
B48: Common practice analysis | C48: Project is common practice | E48: =IF(D48=Menus!E72,Menus!E72,Menus!E73) -> 5
A49: The VCS requires that all projects conduct this assessment. It determines the risks of project longevity and if these exceed a certain threshold the project fails. Assess the implementer's competencies, host country instability, land tenure at the project site and opportunity costs if agents of deforestation give up their land for conservation. Natural risks such as fire, disease, geological and elephants are also a consideration, but rarely great in natural systems. The VCS has a guideline document for non-permanence risk assessment.
A50: Non-permanence risk | B50: Boundary disputes | E50: =IF(D50="Y",Menus!E74,Menus!E75) -> 10
B51: Natural risks | E51: =IF(D51=Menus!E76,Menus!E76,Menus!E77) -> 5
B52: In country political risks | E52: =IF(D52="Y",Menus!E78,Menus!E79) -> 5
B53: Opportunity costs | E53: =IF(D53=Menus!C80,Menus!E80,IF(D53=Menus!C81,Menus!E81,Menus!E82)) -> 10
A54: REDD+ projects may not impact negatively on people, particularly poor people. Deforestation in Africa is mostly the result of subsistence agriculture implemented by poor people. Projects where this applies need to benefit poor members of society else there will be leakage or the project will simply fail. The CCB Standard requires that projects benefit poor people and to obtain gold certification, poorest of the poor have to benefit. It is important to assess what projects can be implemented to benefit poor people and how benefits will flow. In areas with no track record of development projects implementation may be challenging.
A55: Social benefits | B55: Benefits to poorest of poor? | E55: =IF(D55="Y",Menus!E83,2) -> 2
B56: Community land - direct benefits to rights holders? | E56: =IF(D56="Y",Menus!E85,Menus!E86) -> 5
B57: Track record of successful socio-economic ventures? | E57: =IF(D57="Y",Menus!E87,Menus!E88) -> 5
B58: Deforestation mitigation | C58: Eco-charcoal | E58: =IF(D58="Y",Menus!E89,2) -> 2
C59: Conservation agriculture | E59: =IF(D59="Y",Menus!E91,Menus!E92) -> 2
C60: Commercial agriculture | E60: =IF(D60="Y",Menus!E93,Menus!E94) -> 5
A61: REDD+ projects may not impact negatively on biodiversity and projects that protect areas with exceptional biodiversity can get additional accreditation under the CCB Standard. Use local reports, expert knowledge or global assessments from World Wildlife Fund, Conservation International and CITES to identify exceptional biodiversity. Biodiversity is used in the broadest sense and includes biomes and centres of endemism and all endangered species qualify, not just the charismatic taxa.
A62: Biodiversity Value | B62: CITES rated species present | C62: Critical | E62: =IF(D62="Y",Menus!E95,Menus!E98) -> 5
C63: Vulnerable | E63: =IF(D63="Y",Menus!E97,Menus!E98) -> 5
B64: Significant ecosystem | E64: =IF(D64="Y",Menus!E99,Menus!E100) -> 2
B65: Cultural significance of landscape | E65: =IF(D65="Y",Menus!E101,Menus!E102) -> 2
A66: The deforestation rate combined with the net carbon stocks determine Gross Emissions Reduction generation from which leakage and other variables need to be deducted. If the deforestation rate around the project is low or too far away, the project may not generate enough credits to make it feasible. Important to consider as well is the cost of mitigation project and infrastructure that needs to be built, again if it is too much then the project won't be profitable.
A67: Financial Feasibility | B67: NER generation tCO2e/ha/yr | E67: =IF(D67=Menus!C103,Menus!E103,IF(D67=Menus!C104,Menus!E104,Menus!E105)) -> 3
B68: Willing investors | E68: =IF(D68="Y",Menus!E106,Menus!E107) -> 3
A69: Understanding how deforestation takes place and quantifying it is an important component of REDD projects. Without this mitigation projects can't be successfully implemented and it is not possible to make a convincing argument that an area may be under threat if the threat is poorly understood. It is important to determine if there are mobile agents - people that move in and out of an area and thus pose a leakage risk. E.g. seasonal timber harvesters. Consult local experts and publications to understand what is driving the deforestation e.g. subsistence agriculture, commercial agriculture, timber harvesting and so on. This is important as they not only have accounting implications, but some drivers are much harder to mitigate than others due to opportunity costs.
A70: Drivers and Agents of Deforestation | B70: Planned deforestation | E70: =IF(D70="Y",Menus!E108,Menus!E109) -> 5
B71: Mobile agents | E71: =IF(D71="Y",Menus!E110,Menus!E111) -> 8
B72: Population Density | E72: =IF(D72=Menus!C112,Menus!E112,Menus!E113) -> 5
B73: Commodities | E73: =IF(D73="Y",Menus!E114,Menus!E115) -> 5
B74: Subsistence agriculture | E74: =IF(D74="Y",Menus!E116,Menus!E117) -> 2
A75: *enter value or select from drop down | B75: SCORE | E75: =IF(E44=0,"FAIL",IF(E46=0,"FAIL",IF(E47=0,"FAIL",SUM(E11:E74)/Menus!E120))) -> FAIL

Sheet Area 1
A8: Site
A9: Category | B9: Sub-category | D9: Rating* | E9: Score
A10: Geospatial | B10: Topography | C10: Flat % | E10: =D10/100*Menus!E2 -> 0
C11: Hilly % | E11: =D11/100*Menus!E3 -> 0
C12: Mountainous % | E12: =D12/100*Menus!E4 -> 0
B13: Location relative to protected areas | C13: Border | E13: =IF(D13="Y",Menus!E5,Menus!E6) -> 5
B14: JNR Boundaries | C14: Within political boundary | E14: =IF(D14="Y",Menus!E8,Menus!E9) -> 5
B15: Size (ha) | E15: =IF(D15=Menus!C11,Menus!E11,IF(D15=Menus!C12,Menus!E12,Menus!E13)) -> 2
B16: Landsat Tiles | C16: Below | E16: =IF(D16="Y",Menus!E15,Menus!E14) -> 2
A17: Forest metrics | B17: Deforestation threat | E17: =IF(D17=Menus!C16,Menus!E16,IF('Area 1'!D17=Menus!C12,Menus!E12,Menus!E13)) -> 2
B18: Forest cover | E18: =IF(D18=Menus!C19,Menus!E19,IF(D18=Menus!C20,Menus!E20,Menus!E21)) -> 2
B19: Biomass Carbon density | E19: =IF(D19=Menus!C22,Menus!E22,IF('Area 1'!D19=Menus!C23,Menus!E23,Menus!E24)) -> 3
B20: Soil Carbon | E20: =IF(D20=Menus!C25,Menus!E25,IF('Area 1'!D20=Menus!C26,Menus!E26,Menus!E27)) -> 3
A21: Leakage Risk | B21: Activity shifting | E21: =IF(D21=Menus!C28,Menus!E28, IF('Area 1'!D21=Menus!C29,Menus!E29,Menus!E30)) -> 10
B22: Market effects | E22: =IF(D22=Menus!C31,Menus!E31,IF(D22=Menus!C32,Menus!E32,Menus!E33)) -> 10
A23: Tenure/Rights Holders | B23: Single Entity | E23: =IF(D23="Y",Menus!E34,0) -> 0
B24: Multiple Entities | E24: =IF(D24="Y",Menus!E35,0) -> 0
B25: Unclear | E25: =IF(D25="Y",Menus!E36,0) -> 0
B26: Private title | E26: =IF(D26="Y",Menus!E37,0) -> 0
B27: Title deed sound (if applicable) | E27: =IF(D27="Y",Menus!E38,0) -> 0
B28: Landowner/Rights Holder Invitation | E28: =IF(D28="Y",Menus!E40,Menus!E41) -> 3
B29: Host country consent | E29: =IF(D29="Y",Menus!E42,0) -> 0
B30: Communal land | E30: =IF(D30="Y",Menus!E44,Menus!E45) -> 2
B31: Government land | E31: =IF('Area 1'!D31="Y",Menus!E46,Menus!E47) -> 2
A32: Logistics | B32: Road network | E32: =IF(D32=Menus!C48,Menus!E48,IF(D32=Menus!C49,Menus!E49,Menus!E50)) -> 2
B33: Airstrip | E33: =IF(D33="Y",Menus!E51,2) -> 2
B34: Accommodation and other infrastructure | E34: =IF(D34="Y",Menus!E53,Menus!E54) -> 2
B35: Water | E35: =IF(D35=Menus!C55,Menus!E55,IF(D35=Menus!C56,2,IF(D35=Menus!C57,Menus!E57,Menus!E58))) -> 9
B36: Electricity | E36: =IF(D36="Y",Menus!E59,0) -> 0
B37: Implementing partners? | E37: =IF(D37="Y",Menus!E60,Menus!E61) -> 5
A38: Additionality | B38: Credible alternative land use | E38: =IF(D38="Y",Menus!E64,Menus!E65) -> 0
B39: Investment Analysis | C39: Project is profitable | E39: =IF(D39="Y",Menus!E66,Menus!E67) -> 5
B40: Barrier Analysis | C40: Credible barriers for implementation | E40: =IF(D40="Y",Menus!E68,Menus!E69) -> 0
C41: Baseline barriers | E41: =IF(D41="Y",Menus!E70,Menus!E71) -> 5
B42: Common practice analysis | C42: Project is common practice | E42: =IF(D42=Menus!E72,Menus!E72,Menus!E73) -> 5
A43: Non-permanence risk | B43: Boundary disputes | E43: =IF(D43="Y",Menus!E74,Menus!E75) -> 10
B44: Natural risks | E44: =IF(D44=Menus!E76,Menus!E76,Menus!E77) -> 5
B45: In country political risks | E45: =IF(D45="Y",Menus!E78,Menus!E79) -> 5
B46: Opportunity costs | E46: =IF(D46=Menus!C80,Menus!E80,IF(D46=Menus!C81,Menus!E81,Menus!E82)) -> 10
A47: Social benefits | B47: Benefits to poorest of poor? | E47: =IF(D47="Y",Menus!E83,2) -> 2
B48: Community land - direct benefits to rights holders? | E48: =IF(D48="Y",Menus!E85,Menus!E86) -> 5
B49: Track record of successful socio-economic ventures? | E49: =IF(D49="Y",Menus!E87,Menus!E88) -> 5
B50: Deforestation mitigation | C50: Eco-charcoal | E50: =IF(D50="Y",Menus!E89,2) -> 2
C51: Conservation agriculture | E51: =IF(D51="Y",Menus!E91,Menus!E92) -> 2
C52: Commercial agriculture | E52: =IF(D52="Y",Menus!E93,Menus!E94) -> 5
A53: Biodiversity Value | B53: CITES rated species present | C53: Critical | E53: =IF(D53="Y",Menus!E95,Menus!E98) -> 5
C54: Vulnerable | E54: =IF(D54="Y",Menus!E97,Menus!E98) -> 5
B55: Significant ecosystem | E55: =IF(D55="Y",Menus!E99,Menus!E100) -> 2
B56: Cultural significance of landscape | E56: =IF(D56="Y",Menus!E101,Menus!E102) -> 2
A57: Financial Feasibility | B57: NER generation tCO2e/ha/yr | E57: =IF(D57=Menus!C103,Menus!E103,IF(D57=Menus!C104,Menus!E104,Menus!E105)) -> 3
B58: Willing investors | E58: =IF(D58="Y",Menus!E106,Menus!E107) -> 3
A59: Drivers and Agents of Deforestation | B59: Planned deforestation | E59: =IF(D59="Y",Menus!E108,Menus!E109) -> 5
B60: Mobile agents | E60: =IF(D60="Y",Menus!E110,Menus!E111) -> 8
B61: Population Density | E61: =IF(D61=Menus!C112,Menus!E112,Menus!E113) -> 5
B62: Commodities | E62: =IF(D62="Y",Menus!E114,Menus!E115) -> 5
B63: Subsistence agriculture | E63: =IF(D63="Y",Menus!E116,Menus!E117) -> 2
A64: *enter value or select from drop down | B64: SCORE | E64: =IF(E38=0,"FAIL",IF(E40=0,"FAIL",IF(E41=0,"FAIL",SUM(E10:E63)/Menus!E120))) -> FAIL

Sheet Sheet3

Sheet Sheet4

Sheet Sheet5

Sheet Sheet6

Sheet Sheet7

Sheet Sheet8
